,exchange,timeStamp,Level,ask_volume,bid_volume,total_vol,mid_price,vwap,close_price,spread,effective_spread
0,bitforex,2023-04-29T23:11:40.240Z,5,36.8384,39.7774,76.61580000000001,0.06512630999999999,0.06263171567274635,0.06512558,7.4400000000113264e-06,
1,bitforex,2023-04-29T23:12:07.872Z,5,35.235699999999994,29.4764,64.71209999999999,0.065131725,0.0709350252747786,0.06512873,1.202999999999621e-05,
2,bitforex,2023-04-29T23:12:36.111Z,5,31.3917,35.8531,67.2448,0.06513256,0.060814249925555584,0.06513163,6.1599999999911725e-06,
3,bitforex,2023-04-29T23:13:04.005Z,5,45.6954,25.573800000000002,71.2692,0.06513760499999999,0.08353273641034277,0.06513584,7.090000000001262e-06,
4,bitforex,2023-04-29T23:13:31.605Z,5,40.6626,46.137,86.7996,0.06513883000000001,0.06103200716636943,0.06513841,2.879999999996774e-06,
5,bitforex,2023-04-29T23:13:59.169Z,5,39.271,32.758900000000004,72.0299,0.06513846000000001,0.07103551635848446,0.0651363,1.4479999999997273e-05,
6,bitforex,2023-04-29T23:14:27.408Z,5,26.4891,41.2641,67.75319999999999,0.06514042,0.05093628106849567,0.06514004,2.6199999999948487e-06,
7,bitforex,2023-04-29T23:14:55.011Z,5,36.0316,46.2616,82.2932,0.06514356,0.057050490316259424,0.06514637,1.12800000000024e-05,
8,bitforex,2023-04-29T23:15:22.571Z,5,42.982499999999995,30.5793,73.56179999999999,0.06513812499999999,0.07612961990938234,0.06513595,1.4570000000005412e-05,
9,bitforex,2023-04-29T23:15:50.177Z,5,37.573,29.0655,66.6385,0.065151605,0.07347498495719441,0.06514913,9.950000000008563e-06,
10,bitforex,2023-04-29T23:16:18.511Z,5,52.2534,34.4018,86.65520000000001,0.06515143500000001,0.07857679389322278,0.06515291,5.930000000001212e-06,
11,bitforex,2023-04-29T23:16:46.074Z,5,37.681799999999996,32.0576,69.73939999999999,0.06515040999999999,0.07041258996879814,0.06514821,1.4739999999999198e-05,
12,bitforex,2023-04-29T23:17:14.480Z,5,26.977800000000002,20.0403,47.018100000000004,0.0651506,0.07477040916472592,0.06514893,1.1719999999992847e-05,
13,bitforex,2023-04-29T23:17:43.107Z,5,40.777,30.9089,71.6859,0.06515130499999999,0.07412384824686584,0.065153,6.810000000009864e-06,
14,bitforex,2023-04-29T23:18:10.659Z,5,23.2321,39.643100000000004,62.87520000000001,0.065151505,0.04814919918781967,0.06515213,7.4899999999988864e-06,
15,bitforex,2023-04-29T23:18:39.001Z,5,32.765100000000004,41.889399999999995,74.6545,0.06515403,0.057195887518367954,0.06515084,1.1200000000002874e-05,
16,bitforex,2023-04-29T23:19:06.552Z,5,36.585300000000004,25.3525,61.9378,0.065149345,0.07696979393107278,0.06514719,8.649999999998936e-06,
17,bitforex,2023-04-29T23:19:34.825Z,5,33.9931,30.860500000000002,64.8536,0.06514724499999999,0.06830082618981831,0.06514745,1.2809999999988109e-05,
18,bitforex,2023-04-29T23:20:02.641Z,5,39.3814,43.8922,83.2736,0.06514819,0.06162528500946279,0.06515084,1.2639999999994322e-05,
19,bitforex,2023-04-29T23:20:30.204Z,5,35.9332,33.1386,69.0718,0.06515222000000001,0.0677959221261354,0.06515586,1.4580000000000148e-05,
20,bitforex,2023-04-29T23:20:57.731Z,5,46.81849999999999,33.399699999999996,80.2182,0.06514865,0.07605244725984876,0.06514622,9.759999999997548e-06,
21,bitforex,2023-04-29T23:21:25.650Z,5,35.451499999999996,45.3011,80.7526,0.06515116500000001,0.05720579154627839,0.06515117,2.710000000002988e-06,
22,bitforex,2023-04-29T23:21:53.902Z,5,45.4763,23.6814,69.1577,0.065151465,0.0856874525111448,0.06515279,5.3299999999978365e-06,
23,bitforex,2023-04-29T23:22:21.471Z,5,19.1338,38.6543,57.7881,0.065151605,0.04314778998132834,0.0651486,1.2049999999999561e-05,
24,bitforex,2023-04-29T23:22:49.011Z,5,33.8568,35.9905,69.84729999999999,0.06515069500000001,0.0631613391624587,0.06515109,1.6099999999991121e-06,
25,bitforex,2023-04-29T23:23:16.649Z,5,35.003099999999996,42.0577,77.0608,0.065161685,0.05919955177174386,0.06516266,6.70999999999311e-06,
26,bitforex,2023-04-29T23:23:44.186Z,5,34.6747,29.794,64.4687,0.06515917,0.07010429615667757,0.06515917,2.240000000000575e-05,
27,bitforex,2023-04-29T23:24:12.558Z,5,39.9918,23.7736,63.7654,0.0651708,0.08174861752241812,0.06517128,3.240000000001575e-06,
28,bitforex,2023-04-29T23:26:29.474Z,5,37.5075,32.847100000000005,70.3546,0.06519864,0.06952472467201859,0.06520064,1.3380000000007275e-05,
29,bitforex,2023-04-29T23:26:57.040Z,5,32.297200000000004,41.825,74.1222,0.065199175,0.056820214474017236,0.06520019,4.089999999998262e-06,
30,bitforex,2023-04-29T23:27:24.569Z,5,28.5492,34.2449,62.7941,0.06519841500000001,0.059288295098233745,0.06520037,7.870000000007038e-06,
31,bitforex,2023-04-29T23:27:52.238Z,5,36.9174,40.541399999999996,77.4588,0.06519839999999999,0.06215475741932485,0.06520048,1.394000000000395e-05,
32,bitforex,2023-04-29T23:28:19.807Z,5,26.8155,36.556,63.3715,0.06520878499999999,0.055192993238916556,0.06519407,1.6589999999996885e-05,
33,bitforex,2023-04-29T23:28:47.380Z,5,45.294,53.2449,98.5389,0.065199425,0.05994612480604105,0.06520761,1.6150000000006437e-05,
34,bitforex,2023-04-29T23:29:14.989Z,5,35.2925,47.5145,82.80699999999999,0.06520065,0.05557833743874311,0.06520032,2.2600000000039255e-06,
35,bitforex,2023-04-29T23:29:42.593Z,5,44.847300000000004,25.5516,70.3989,0.065199275,0.08307981430221212,0.0651976,1.550999999999636e-05,
36,bitforex,2023-04-29T23:30:10.927Z,5,36.7614,32.1627,68.92410000000001,0.065199905,0.06955175333675738,0.0651992,2.8700000000020376e-06,
37,bitforex,2023-04-29T23:30:39.297Z,5,39.8767,36.4202,76.2969,0.06520211000000001,0.0681595091880273,0.06520048,6.579999999992148e-06,
38,bitforex,2023-04-29T23:31:06.908Z,5,33.0496,42.208400000000005,75.25800000000001,0.06519855999999999,0.05726698888455711,0.06519955,6.679999999995023e-06,
39,bitforex,2023-04-29T23:31:34.787Z,5,29.8604,30.009,59.8694,0.06520222,0.06504671661580039,0.06520222,1.2539999999991447e-05,
40,bitforex,2023-04-29T23:32:02.364Z,5,36.40389999999999,23.6634,60.06729999999999,0.06521111,0.07904663759250043,0.06521271,6.4399999999964486e-06,
41,bitforex,2023-04-29T23:32:29.955Z,5,30.715599999999995,37.9208,68.6364,0.06520788,0.05836649750179204,0.06520788,8.519999999997974e-06,
42,bitforex,2023-04-29T23:32:58.212Z,5,19.1955,40.7477,59.943200000000004,0.0652124,0.04176782738809405,0.06520647,6.48000000000315e-06,
43,bitforex,2023-04-29T23:33:27.217Z,5,35.341499999999996,32.224000000000004,67.5655,0.06520701000000001,0.06822168148167333,0.0652087,1.130000000000575e-05,
44,bitforex,2023-04-29T23:33:54.882Z,5,39.706100000000006,38.4251,78.1312,0.06521247499999999,0.06628794665365435,0.06520872,1.216999999999191e-05,
45,bitforex,2023-04-29T23:34:22.425Z,5,37.519400000000005,51.991099999999996,89.51050000000001,0.065205425,0.054667878665519684,0.06520812,1.0809999999999986e-05,
46,bitforex,2023-04-29T23:34:50.671Z,5,35.7028,30.630499999999998,66.33330000000001,0.0652102,0.07019953129963381,0.0652089,5.2200000000002245e-06,
47,bitforex,2023-04-29T23:35:18.220Z,5,34.5452,29.4503,63.9955,0.065207515,0.07040342204814401,0.0652116,8.190000000005138e-06,
48,bitforex,2023-04-29T23:35:46.479Z,5,45.7799,26.1975,71.9774,0.06521147499999999,0.08295628339770539,0.06521219,4.8100000000078635e-06,
49,bitforex,2023-04-29T23:36:14.025Z,5,37.9559,33.3959,71.3518,0.06521290499999999,0.06938761563562518,0.06521116,1.3050000000000561e-05,
50,bitforex,2023-04-29T23:36:42.227Z,5,43.824799999999996,34.7462,78.571,0.06521135,0.07274953613572438,0.06521135,5.6599999999906725e-06,
51,bitforex,2023-04-29T23:37:09.788Z,5,41.750299999999996,27.0307,68.78099999999999,0.06521007000000001,0.07917107578892428,0.06521142,9.080000000008526e-06,
52,bitforex,2023-04-29T23:37:38.118Z,5,36.5099,40.2677,76.7776,0.06521249500000001,0.06202341730364064,0.0652133,5.450000000004063e-06,
53,bitforex,2023-04-29T23:38:05.685Z,5,27.451300000000003,29.4843,56.93560000000001,0.06520867,0.062886770718496,0.06520501,1.3319999999997223e-05,
54,bitforex,2023-04-29T23:38:33.245Z,5,45.922399999999996,31.9672,77.8896,0.06521233500000001,0.0769045816593486,0.06521584,1.4050000000001561e-05,
55,bitforex,2023-04-29T23:39:00.798Z,5,44.6529,46.0249,90.6778,0.065211995,0.06423322337760731,0.06521199,1.587000000000116e-05,
56,bitforex,2023-04-29T23:39:29.066Z,5,33.3189,25.1572,58.4761,0.06520937,0.07432051256964811,0.06521356,1.6779999999994022e-05,
57,bitforex,2023-04-29T23:39:57.282Z,5,40.0088,31.6599,71.6687,0.06521115499999999,0.07281766493085547,0.06521376,1.7449999999988308e-05,
58,bitforex,2023-04-29T23:40:25.702Z,5,45.2778,37.6901,82.9679,0.06521017,0.07118389837910807,0.06520563,1.8180000000006524e-05,
59,bitforex,2023-04-29T23:40:53.290Z,5,24.5804,29.5445,54.1249,0.065209255,0.059234661263669774,0.06520925,1.3250000000006312e-05,
60,bitforex,2023-04-29T23:41:21.469Z,5,25.326999999999998,26.9112,52.2382,0.06520949000000001,0.06324019046540653,0.06520697,1.6859999999993547e-05,
61,bitmex,2023-04-29T23:11:34.041Z,8,38428000000.0,1319061000000.0,1357489000000.0,0.067221,0.005968150882401257,0.061332,0.011777999999999997,0.011777999999999997
62,bitmex,2023-04-29T23:11:53.547Z,8,38428000000.0,1319061000000.0,1357489000000.0,0.067221,0.005968150882401257,0.061332,0.011777999999999997,0.011777999999999997
63,bitmex,2023-04-29T23:12:32.578Z,8,38428000000.0,1319061000000.0,1357489000000.0,0.067221,0.005968150882401257,0.061332,0.011777999999999997,0.011777999999999997
64,bitmex,2023-04-29T23:12:52.103Z,8,38428000000.0,1319061000000.0,1357489000000.0,0.067221,0.005968150882401257,0.061332,0.011777999999999997,0.011777999999999997
65,bitmex,2023-04-29T23:13:31.135Z,8,38428000000.0,1319061000000.0,1357489000000.0,0.067221,0.005968150882401257,0.061332,0.011777999999999997,0.011777999999999997
66,bitmex,2023-04-29T23:13:51.189Z,8,38428000000.0,1319061000000.0,1357489000000.0,0.067221,0.005968150882401257,0.061332,0.011777999999999997,0.011777999999999997
67,bitmex,2023-04-29T23:14:30.233Z,8,38428000000.0,1319061000000.0,1357489000000.0,0.067221,0.005968150882401257,0.061332,0.011777999999999997,0.011777999999999997
68,bitmex,2023-04-29T23:14:49.749Z,8,38428000000.0,1319061000000.0,1357489000000.0,0.067221,0.005968150882401257,0.061332,0.011777999999999997,0.011777999999999997
69,bitmex,2023-04-29T23:15:28.844Z,8,38428000000.0,1319061000000.0,1357489000000.0,0.067221,0.005968150882401257,0.061332,0.011777999999999997,0.011777999999999997
70,bitmex,2023-04-29T23:15:48.365Z,8,38428000000.0,1319061000000.0,1357489000000.0,0.067221,0.005968150882401257,0.061332,0.011777999999999997,0.011777999999999997
71,bitmex,2023-04-29T23:16:27.419Z,8,38428000000.0,1319061000000.0,1357489000000.0,0.067221,0.005968150882401257,0.061332,0.011777999999999997,0.011777999999999997
72,bitmex,2023-04-29T23:16:47.082Z,8,38428000000.0,1319061000000.0,1357489000000.0,0.067221,0.005968150882401257,0.061332,0.011777999999999997,0.011777999999999997
73,bitmex,2023-04-29T23:17:26.481Z,8,38428000000.0,1319061000000.0,1357489000000.0,0.067221,0.005968150882401257,0.061332,0.011777999999999997,0.011777999999999997
74,bitmex,2023-04-29T23:17:45.979Z,8,38428000000.0,1319061000000.0,1357489000000.0,0.067221,0.005968150882401257,0.061332,0.011777999999999997,0.011777999999999997
75,bitmex,2023-04-29T23:18:25.111Z,8,38428000000.0,1319061000000.0,1357489000000.0,0.067221,0.005968150882401257,0.061332,0.011777999999999997,0.011777999999999997
76,bitmex,2023-04-29T23:18:44.624Z,8,38428000000.0,1319061000000.0,1357489000000.0,0.067221,0.005968150882401257,0.061332,0.011777999999999997,0.011777999999999997
77,bitmex,2023-04-29T23:19:23.611Z,8,38428000000.0,1319061000000.0,1357489000000.0,0.067221,0.005968150882401257,0.061332,0.011777999999999997,0.011777999999999997
78,bitmex,2023-04-29T23:19:43.141Z,8,38428000000.0,1319061000000.0,1357489000000.0,0.067221,0.005968150882401257,0.061332,0.011777999999999997,0.011777999999999997
79,bitmex,2023-04-29T23:20:22.767Z,8,38428000000.0,1319061000000.0,1357489000000.0,0.067221,0.005968150882401257,0.061332,0.011777999999999997,0.011777999999999997
80,bitmex,2023-04-29T23:20:42.313Z,8,38428000000.0,1319061000000.0,1357489000000.0,0.067221,0.005968150882401257,0.061332,0.011777999999999997,0.011777999999999997
81,bitmex,2023-04-29T23:21:21.345Z,8,38428000000.0,1319061000000.0,1357489000000.0,0.067221,0.005968150882401257,0.061332,0.011777999999999997,0.011777999999999997
82,bitmex,2023-04-29T23:21:40.882Z,8,38428000000.0,1319061000000.0,1357489000000.0,0.067221,0.005968150882401257,0.061332,0.011777999999999997,0.011777999999999997
83,bitmex,2023-04-29T23:22:00.433Z,8,38428000000.0,1319061000000.0,1357489000000.0,0.067221,0.005968150882401257,0.061332,0.011777999999999997,0.011777999999999997
84,bitmex,2023-04-29T23:22:19.940Z,8,38428000000.0,1319061000000.0,1357489000000.0,0.067221,0.005968150882401257,0.061332,0.011777999999999997,0.011777999999999997
85,bitmex,2023-04-29T23:22:39.435Z,8,38428000000.0,1319061000000.0,1357489000000.0,0.067221,0.005968150882401257,0.061332,0.011777999999999997,0.011777999999999997
86,bitmex,2023-04-29T23:22:58.957Z,8,38428000000.0,1319061000000.0,1357489000000.0,0.067221,0.005968150882401257,0.061332,0.011777999999999997,0.011777999999999997
87,bitmex,2023-04-29T23:23:18.477Z,8,38428000000.0,1319061000000.0,1357489000000.0,0.067221,0.005968150882401257,0.061332,0.011777999999999997,0.011777999999999997
88,bitmex,2023-04-29T23:23:37.967Z,8,38428000000.0,1319061000000.0,1357489000000.0,0.067221,0.005968150882401257,0.061332,0.011777999999999997,0.011777999999999997
89,bitmex,2023-04-29T23:23:57.496Z,8,38428000000.0,1319061000000.0,1357489000000.0,0.067221,0.005968150882401257,0.061332,0.011777999999999997,0.011777999999999997
90,bitmex,2023-04-29T23:24:17.031Z,8,38428000000.0,1319061000000.0,1357489000000.0,0.067221,0.005968150882401257,0.061332,0.011777999999999997,0.011777999999999997
91,bitmex,2023-04-29T23:24:36.669Z,8,38428000000.0,1319061000000.0,1357489000000.0,0.067221,0.005968150882401257,0.061332,0.011777999999999997,0.011777999999999997
92,bitmex,2023-04-29T23:24:56.193Z,8,38428000000.0,1319061000000.0,1357489000000.0,0.067221,0.005968150882401257,0.061332,0.011777999999999997,0.011777999999999997
93,bitmex,2023-04-29T23:25:35.168Z,8,38428000000.0,1319061000000.0,1357489000000.0,0.067221,0.005968150882401257,0.061332,0.011777999999999997,0.011777999999999997
94,bitmex,2023-04-29T23:25:54.692Z,8,38428000000.0,1319061000000.0,1357489000000.0,0.067221,0.005968150882401257,0.061332,0.011777999999999997,0.011777999999999997
95,bitmex,2023-04-29T23:26:33.937Z,8,38428000000.0,1319061000000.0,1357489000000.0,0.067221,0.005968150882401257,0.061332,0.011777999999999997,0.011777999999999997
96,bitmex,2023-04-29T23:26:53.443Z,8,38428000000.0,1319061000000.0,1357489000000.0,0.067221,0.005968150882401257,0.061332,0.011777999999999997,0.011777999999999997
97,bitmex,2023-04-29T23:27:32.482Z,8,38428000000.0,1319061000000.0,1357489000000.0,0.067221,0.005968150882401257,0.061332,0.011777999999999997,0.011777999999999997
98,bitmex,2023-04-29T23:27:51.996Z,8,38428000000.0,1319061000000.0,1357489000000.0,0.067221,0.005968150882401257,0.061332,0.011777999999999997,0.011777999999999997
99,bitmex,2023-04-29T23:28:31.091Z,8,38428000000.0,1319061000000.0,1357489000000.0,0.067221,0.005968150882401257,0.061332,0.011777999999999997,0.011777999999999997
100,bitmex,2023-04-29T23:28:51.141Z,8,38428000000.0,1319061000000.0,1357489000000.0,0.067221,0.005968150882401257,0.061332,0.011777999999999997,0.011777999999999997
101,bitmex,2023-04-29T23:29:30.182Z,8,38428000000.0,1319061000000.0,1357489000000.0,0.067221,0.005968150882401257,0.061332,0.011777999999999997,0.011777999999999997
102,bitmex,2023-04-29T23:29:49.745Z,8,38428000000.0,1319061000000.0,1357489000000.0,0.067221,0.005968150882401257,0.061332,0.011777999999999997,0.011777999999999997
103,bitmex,2023-04-29T23:30:29.281Z,8,38428000000.0,1319061000000.0,1357489000000.0,0.067221,0.005968150882401257,0.061332,0.011777999999999997,0.011777999999999997
104,bitmex,2023-04-29T23:30:48.789Z,8,38428000000.0,1319061000000.0,1357489000000.0,0.067221,0.005968150882401257,0.061332,0.011777999999999997,0.011777999999999997
105,bitmex,2023-04-29T23:31:27.899Z,8,38428000000.0,1319061000000.0,1357489000000.0,0.067221,0.005968150882401257,0.061332,0.011777999999999997,0.011777999999999997
106,bitmex,2023-04-29T23:31:47.435Z,8,38428000000.0,1319061000000.0,1357489000000.0,0.067221,0.005968150882401257,0.061332,0.011777999999999997,0.011777999999999997
107,bitmex,2023-04-29T23:32:26.495Z,8,38428000000.0,1319061000000.0,1357489000000.0,0.067221,0.005968150882401257,0.061332,0.011777999999999997,0.011777999999999997
108,bitmex,2023-04-29T23:32:46.023Z,8,38428000000.0,1319061000000.0,1357489000000.0,0.067221,0.005968150882401257,0.061332,0.011777999999999997,0.011777999999999997
109,bitmex,2023-04-29T23:33:25.358Z,8,38428000000.0,1319061000000.0,1357489000000.0,0.067221,0.005968150882401257,0.061332,0.011777999999999997,0.011777999999999997
110,bitmex,2023-04-29T23:33:44.866Z,8,38428000000.0,1319061000000.0,1357489000000.0,0.067221,0.005968150882401257,0.061332,0.011777999999999997,0.011777999999999997
111,bitmex,2023-04-29T23:34:23.922Z,8,38428000000.0,1319061000000.0,1357489000000.0,0.067221,0.005968150882401257,0.061332,0.011777999999999997,0.011777999999999997
112,bitmex,2023-04-29T23:34:43.615Z,8,38428000000.0,1319061000000.0,1357489000000.0,0.067221,0.005968150882401257,0.061332,0.011777999999999997,0.011777999999999997
113,bitmex,2023-04-29T23:35:22.676Z,8,38428000000.0,1319061000000.0,1357489000000.0,0.067221,0.005968150882401257,0.061332,0.011777999999999997,0.011777999999999997
114,bitmex,2023-04-29T23:35:42.633Z,8,38428000000.0,1319061000000.0,1357489000000.0,0.067221,0.005968150882401257,0.061332,0.011777999999999997,0.011777999999999997
115,bitmex,2023-04-29T23:36:21.723Z,8,38428000000.0,1319061000000.0,1357489000000.0,0.067221,0.005968150882401257,0.061332,0.011777999999999997,0.011777999999999997
116,bitmex,2023-04-29T23:36:41.724Z,8,38428000000.0,1319061000000.0,1357489000000.0,0.067221,0.005968150882401257,0.061332,0.011777999999999997,0.011777999999999997
117,bitmex,2023-04-29T23:37:01.265Z,8,38428000000.0,1319061000000.0,1357489000000.0,0.067221,0.005968150882401257,0.061332,0.011777999999999997,0.011777999999999997
118,bitmex,2023-04-29T23:37:20.789Z,8,38428000000.0,1319061000000.0,1357489000000.0,0.067221,0.005968150882401257,0.061332,0.011777999999999997,0.011777999999999997
119,bitmex,2023-04-29T23:37:40.291Z,8,38428000000.0,1319061000000.0,1357489000000.0,0.067221,0.005968150882401257,0.061332,0.011777999999999997,0.011777999999999997
120,bitmex,2023-04-29T23:37:59.789Z,8,38428000000.0,1319061000000.0,1357489000000.0,0.067221,0.005968150882401257,0.061332,0.011777999999999997,0.011777999999999997
121,bitmex,2023-04-29T23:38:19.323Z,8,38428000000.0,1319061000000.0,1357489000000.0,0.067221,0.005968150882401257,0.061332,0.011777999999999997,0.011777999999999997
122,bitmex,2023-04-29T23:38:38.867Z,8,38428000000.0,1319061000000.0,1357489000000.0,0.067221,0.005968150882401257,0.061332,0.011777999999999997,0.011777999999999997
123,bitmex,2023-04-29T23:38:58.360Z,8,38428000000.0,1319061000000.0,1357489000000.0,0.067221,0.005968150882401257,0.061332,0.011777999999999997,0.011777999999999997
124,bitmex,2023-04-29T23:39:17.861Z,8,38428000000.0,1319061000000.0,1357489000000.0,0.067221,0.005968150882401257,0.061332,0.011777999999999997,0.011777999999999997
125,bitmex,2023-04-29T23:39:37.388Z,8,38428000000.0,1319061000000.0,1357489000000.0,0.067221,0.005968150882401257,0.061332,0.011777999999999997,0.011777999999999997
126,bitmex,2023-04-29T23:39:56.894Z,8,38428000000.0,1319061000000.0,1357489000000.0,0.067221,0.005968150882401257,0.061332,0.011777999999999997,0.011777999999999997
127,bitmex,2023-04-29T23:40:36.343Z,8,38428000000.0,1319061000000.0,1357489000000.0,0.067221,0.005968150882401257,0.061332,0.011777999999999997,0.011777999999999997
128,bitmex,2023-04-29T23:40:55.844Z,8,38428000000.0,1319061000000.0,1357489000000.0,0.067221,0.005968150882401257,0.061332,0.011777999999999997,0.011777999999999997
129,bitfinex,2023-04-29T23:11:53.737Z,25,135.91280071,154.96143568000002,290.87423639,0.06513,0.0609094131296605,0.0335,9.999999999996123e-06,1.0133428404036527e-05
130,bitfinex,2023-04-29T23:12:10.786Z,25,143.40131886999998,154.58535121000003,297.98667008,0.06512799999999999,0.06273064307133694,0.0335,1.4000000000000123e-05,1.4133428404040527e-05
131,bitfinex,2023-04-29T23:12:27.824Z,25,145.46105852,93.82789342000001,239.28895194,0.065143,0.07925987459622186,0.0335,1.1999999999998123e-05,1.2133428404038527e-05
132,bitfinex,2023-04-29T23:12:44.917Z,25,148.97167050999997,143.34508842,292.31675893,0.06514500000000001,0.06645146902844318,0.0335,7.999999999994123e-06,8.133428404034527e-06
133,bitfinex,2023-04-29T23:13:01.969Z,25,142.20156089,143.23798404000001,285.43954493,0.0651465,0.06495525383823024,0.0335,1.0999999999997123e-05,1.1133428404037527e-05
134,bitfinex,2023-04-29T23:13:19.067Z,25,148.97472473000002,139.47433102000002,288.44905575000007,0.0651465,0.06734097250340428,0.0335,6.999999999993123e-06,7.1334284040335276e-06
135,bitfinex,2023-04-29T23:13:36.390Z,25,153.83536505000004,144.99147431,298.82683936,0.065135,0.0671171589352917,0.0335,1.4000000000000123e-05,1.4133428404040527e-05
136,bitfinex,2023-04-29T23:13:53.521Z,25,153.88786516000002,146.5165644,300.40442956000004,0.065135,0.06679033540796393,0.0335,1.4000000000000123e-05,1.4133428404040527e-05
137,bitfinex,2023-04-29T23:14:10.963Z,25,143.15869764,92.62063653999999,235.77933418,0.0651455,0.07916814644354865,0.0335,1.0999999999997123e-05,1.1133428404037527e-05
138,bitfinex,2023-04-29T23:14:27.981Z,25,92.73724936,112.59558277000002,205.33283213000004,0.0645945,0.058377080242533734,0.0335,7.000000000007001e-06,7.133428404047405e-06
139,bitfinex,2023-04-29T23:14:45.051Z,25,92.73724936,112.59558277000002,205.33283213000004,0.0645945,0.058377080242533734,0.0335,7.000000000007001e-06,7.133428404047405e-06
140,bitfinex,2023-04-29T23:15:02.399Z,25,148.36523207,156.64303527,305.00826734,0.06514149999999999,0.0634220564555991,0.0335,6.999999999993123e-06,7.1334284040335276e-06
141,bitfinex,2023-04-29T23:15:19.483Z,25,147.35170352,159.78573968,307.1374432,0.0651495,0.06255420550168896,0.0335,7.000000000007001e-06,7.133428404047405e-06
142,bitfinex,2023-04-29T23:15:36.596Z,25,147.09471927,143.29629364000002,290.39101291000003,0.0651495,0.0660515860395329,0.0335,9.000000000009e-06,9.133428404049405e-06
143,bitfinex,2023-04-29T23:15:53.721Z,25,148.15059583,144.18629537,292.33689119999997,0.065142,0.06607633197364202,0.0335,1.6000000000002124e-05,1.613342840404253e-05
144,bitfinex,2023-04-29T23:16:10.778Z,25,138.86118646999998,143.19896942000003,282.06015589000003,0.06514049999999999,0.06418433696539212,0.0335,1.9000000000005124e-05,1.913342840404553e-05
145,bitfinex,2023-04-29T23:16:27.892Z,25,139.07827428,152.75997611000003,291.83825039,0.06514249999999999,0.06213184278243486,0.0335,8.999999999995123e-06,9.133428404035527e-06
146,bitfinex,2023-04-29T23:16:44.975Z,25,108.55933651,174.78205778000003,283.34139429000004,0.065141,0.04994563907373754,0.0335,1.1999999999998123e-05,1.2133428404038527e-05
147,bitfinex,2023-04-29T23:17:02.344Z,25,139.07946583,165.00760285,304.08706868,0.065142,0.05962896337239267,0.0335,9.999999999996123e-06,1.0133428404036527e-05
148,bitfinex,2023-04-29T23:17:19.428Z,25,148.12272116,163.60712478,311.72984594,0.065143,0.0619549801851423,0.0335,7.999999999994123e-06,8.133428404034527e-06
149,bitfinex,2023-04-29T23:17:36.848Z,25,148.34788422,154.14064546999998,302.48852968999995,0.065143,0.0639443417549198,0.0335,7.999999999994123e-06,8.133428404034527e-06
150,bitfinex,2023-04-29T23:17:53.925Z,25,92.73724936,112.59558277000002,205.33283213000004,0.0645945,0.058377080242533734,0.0335,7.000000000007001e-06,7.133428404047405e-06
151,bitfinex,2023-04-29T23:18:11.270Z,25,141.21028059999998,147.93442978,289.14471038,0.0651365,0.06367024272952679,0.0335,1.1000000000011001e-05,1.1133428404051405e-05
152,bitfinex,2023-04-29T23:18:28.317Z,25,141.21845995,146.22886301999998,287.44732296999996,0.065139,0.06405192044929581,0.0335,6.0000000000060005e-06,6.133428404046405e-06
153,bitfinex,2023-04-29T23:18:45.727Z,25,148.30658949,156.03316302,304.33975251,0.0651395,0.0635372943373737,0.0335,5.0000000000050004e-06,5.133428404045405e-06
154,bitfinex,2023-04-29T23:19:02.804Z,25,138.73598288,161.25967432,299.9956572,0.06514500000000001,0.06029443190474599,0.0335,5.999999999992123e-06,6.1334284040325275e-06
155,bitfinex,2023-04-29T23:19:19.856Z,25,146.66967849000002,167.81066749,314.48034598000004,0.06516050000000001,0.06083212045267399,0.0335,8.999999999995123e-06,9.133428404035527e-06
156,bitfinex,2023-04-29T23:19:36.895Z,25,141.86791569,136.24501107,278.11292676,0.0651565,0.06653519891488441,0.0335,2.3000000000009124e-05,2.313342840404953e-05
157,bitfinex,2023-04-29T23:19:54.117Z,25,148.44860922999996,169.36038613999997,317.80899536999993,0.065158,0.06092027340512658,0.0335,2.0000000000006124e-05,2.013342840404653e-05
158,bitfinex,2023-04-29T23:20:11.213Z,25,154.13755088999997,137.92044889000002,292.05799978,0.06515699999999999,0.06882810688004609,0.0335,2.2000000000008124e-05,2.213342840404853e-05
159,bitfinex,2023-04-29T23:20:28.333Z,25,127.85469423999997,144.38606567,272.24075990999995,0.06515750000000001,0.061232948495723805,0.0335,2.1000000000007124e-05,2.113342840404753e-05
160,bitfinex,2023-04-29T23:20:46.012Z,25,127.59492266999999,167.87671469,295.47163736,0.0651475,0.05630126667857539,0.0335,5.0000000000050004e-06,5.133428404045405e-06
161,bitfinex,2023-04-29T23:21:03.118Z,25,153.49463669,176.84732265999997,330.34195934999997,0.0651515,0.06059314542360445,0.0335,7.000000000007001e-06,7.133428404047405e-06
162,bitfinex,2023-04-29T23:21:20.212Z,25,153.02852246999998,157.83344979999998,310.86197226999997,0.0651515,0.06419465345474669,0.0335,5.0000000000050004e-06,5.133428404045405e-06
163,bitfinex,2023-04-29T23:21:37.611Z,25,141.49762620999996,173.95483404,315.45246024999994,0.0651515,0.0584956120164914,0.0335,3.0000000000030003e-06,3.1334284040434046e-06
164,bitfinex,2023-04-29T23:21:54.686Z,25,188.80001473,163.08361485,351.88362958,0.06515599999999999,0.06998626675827459,0.0335,3.9999999999901226e-06,4.133428404030527e-06
165,bitfinex,2023-04-29T23:22:11.788Z,25,140.32796373999997,171.59384009999997,311.92180383999994,0.0651565,0.05866965982908648,0.0335,2.9999999999891225e-06,3.1334284040295268e-06
166,bitfinex,2023-04-29T23:22:28.928Z,25,145.90463769999997,129.05251402000002,274.95715171999996,0.06515699999999999,0.06920247510886537,0.0335,7.999999999994123e-06,8.133428404034527e-06
167,bitfinex,2023-04-29T23:22:46.046Z,25,190.16154484999998,130.21278566,320.37433051,0.06515699999999999,0.07742358925314444,0.0335,7.999999999994123e-06,8.133428404034527e-06
168,bitfinex,2023-04-29T23:23:03.433Z,25,145.06039570999997,161.70055915,306.76095485999997,0.0651565,0.06166735350012426,0.0335,8.999999999995123e-06,9.133428404035527e-06
169,bitfinex,2023-04-29T23:23:20.593Z,25,147.37702603999998,167.55662171,314.93364775,0.06515699999999999,0.06102766725532648,0.0335,7.999999999994123e-06,8.133428404034527e-06
170,bitfinex,2023-04-29T23:23:38.035Z,25,140.72801804,151.47155109,292.19956913,0.06516050000000001,0.06281075085799755,0.0335,8.999999999995123e-06,9.133428404035527e-06
171,bitfinex,2023-04-29T23:23:55.171Z,25,140.72837804,152.133621,292.86199904,0.06516,0.06266900134968648,0.0335,9.999999999996123e-06,1.0133428404036527e-05
172,bitfinex,2023-04-29T23:24:12.206Z,25,145.06641570999997,159.05110985000002,304.11752556,0.06516,0.06221026460083086,0.0335,1.1999999999998123e-05,1.2133428404038527e-05
173,bitfinex,2023-04-29T23:24:29.342Z,25,189.16298698000003,164.13805665,353.30104363000004,0.065165,0.06984467176475466,0.0335,1.2000000000012001e-05,1.2133428404052405e-05
174,bitfinex,2023-04-29T23:24:46.450Z,25,140.78196582,151.72583219,292.50779801,0.065166,0.06277150246563167,0.0335,1.0000000000010001e-05,1.0133428404050405e-05
175,bitfinex,2023-04-29T23:25:03.595Z,25,139.7020906,150.77919477999998,290.48128538,0.065171,0.06273065801514735,0.0335,7.999999999994123e-06,8.133428404034527e-06
176,bitfinex,2023-04-29T23:25:20.649Z,25,144.39890028999997,162.89224304,307.29114332999995,0.06517049999999999,0.061291661203894225,0.0335,8.999999999995123e-06,9.133428404035527e-06
177,bitfinex,2023-04-29T23:25:38.031Z,25,169.08513526999997,169.37907600000003,338.46421126999996,0.065178,0.06518681218808066,0.0335,1.0000000000010001e-05,1.0133428404050405e-05
178,bitfinex,2023-04-29T23:25:55.053Z,25,145.50023385,189.69196728,335.19220113,0.065195,0.05664007971874707,0.0335,1.4000000000000123e-05,1.4133428404040527e-05
179,bitfinex,2023-04-29T23:26:12.108Z,25,177.61258737,160.92617101000002,338.53875838,0.065206,0.06849233971239599,0.0335,1.2000000000012001e-05,1.2133428404052405e-05
180,bitfinex,2023-04-29T23:26:29.250Z,25,117.18535554000002,170.99934424999998,288.18469978999997,0.065192,0.053062640802526366,0.0335,8.000000000008e-06,8.133428404048405e-06
181,bitfinex,2023-04-29T23:26:46.862Z,25,147.37694484,141.32381737,288.70076221,0.065193,0.06661796757824293,0.0335,6.0000000000060005e-06,6.133428404046405e-06
182,bitfinex,2023-04-29T23:27:03.991Z,25,142.72862469999998,137.72152977000002,280.45015447000003,0.06519749999999999,0.0664140607429287,0.0335,4.999999999991123e-06,5.133428404031527e-06
183,bitfinex,2023-04-29T23:27:21.380Z,25,147.07625437,173.39968167000004,320.47593604,0.065191,0.05988568047169716,0.0335,2.000000000002e-06,2.1334284040424045e-06
184,bitfinex,2023-04-29T23:27:38.473Z,25,108.37557701999997,168.33938466000004,276.71496168,0.0651905,0.05109564586051421,0.0335,3.0000000000030003e-06,3.1334284040434046e-06
185,bitfinex,2023-04-29T23:27:55.592Z,25,135.54285148,178.47751649,314.02036797,0.0651935,0.05632192012113442,0.0335,3.0000000000030003e-06,3.1334284040434046e-06
186,bitfinex,2023-04-29T23:28:12.649Z,25,144.44558370000001,174.68351049,319.12909419000005,0.06520000000000001,0.059087187066146074,0.0335,9.999999999996123e-06,1.0133428404036527e-05
187,bitfinex,2023-04-29T23:28:29.805Z,25,92.73724936,112.59558277000002,205.33283213000004,0.0645945,0.058377080242533734,0.0335,7.000000000007001e-06,7.133428404047405e-06
188,bitfinex,2023-04-29T23:28:46.876Z,25,141.98626106,188.35436405,330.34062511,0.06519,0.056085546126867954,0.0335,6.0000000000060005e-06,6.133428404046405e-06
189,bitfinex,2023-04-29T23:29:03.955Z,25,142.94036891,149.26604599,292.2064149,0.0651885,0.06382858141960798,0.0335,1.000000000001e-06,1.1334284040414044e-06
190,bitfinex,2023-04-29T23:29:21.051Z,25,149.14186154000004,167.3260408,316.46790234,0.06518750000000001,0.061492713550629845,0.0335,1.2999999999999123e-05,1.3133428404039527e-05
191,bitfinex,2023-04-29T23:29:38.397Z,25,142.58890205,194.15211367,336.74101572,0.065188,0.05525009088280106,0.0335,1.1999999999998123e-05,1.2133428404038527e-05
192,bitfinex,2023-04-29T23:29:55.511Z,25,190.16858484,165.76894503,355.93752987,0.06520000000000001,0.06973436541309759,0.0335,5.999999999992123e-06,6.1334284040325275e-06
193,bitfinex,2023-04-29T23:30:12.644Z,25,135.45912372,184.59274789999998,320.05187162,0.065195,0.05523388136424066,0.0335,6.0000000000060005e-06,6.133428404046405e-06
194,bitfinex,2023-04-29T23:30:29.639Z,25,142.54361767,194.81384080999996,337.35745848,0.065197,0.05513873304925646,0.0335,7.999999999994123e-06,8.133428404034527e-06
195,bitfinex,2023-04-29T23:30:46.727Z,25,137.91098533999997,185.40767929999998,323.31866463999995,0.065194,0.05565969520217539,0.0335,2.000000000002e-06,2.1334284040424045e-06
196,bitfinex,2023-04-29T23:31:04.084Z,25,135.91989701,173.89839468,309.81829169,0.0652005,0.05725249845176067,0.0335,6.999999999993123e-06,7.1334284040335276e-06
197,bitfinex,2023-04-29T23:31:21.507Z,25,178.21373629,174.48435628000001,352.69809257000003,0.0652075,0.06595575704183015,0.0335,9.000000000009e-06,9.133428404049405e-06
198,bitfinex,2023-04-29T23:31:38.923Z,25,132.96798699,191.09116474,324.05915173000005,0.06519849999999999,0.05354757244211736,0.0335,6.999999999993123e-06,7.1334284040335276e-06
199,bitfinex,2023-04-29T23:31:56.068Z,25,137.30214173,191.53043171,328.83257344,0.06519749999999999,0.05448860857932596,0.0335,2.9999999999891225e-06,3.1334284040295268e-06
200,bitfinex,2023-04-29T23:32:13.321Z,25,132.97024163,199.0083568,331.97859843000003,0.0651995,0.052268222110291515,0.0335,2.9999999999891225e-06,3.1334284040295268e-06
201,bitfinex,2023-04-29T23:32:30.383Z,25,184.17518837,149.5825859,333.75777427,0.06519900000000001,0.07202664878492412,0.0335,3.9999999999901226e-06,4.133428404030527e-06
202,bitfinex,2023-04-29T23:32:47.749Z,25,132.70761112,191.17938596,323.88699708,0.065198,0.05346808281786388,0.0335,3.9999999999901226e-06,4.133428404030527e-06
203,bitfinex,2023-04-29T23:33:05.115Z,25,183.12360286999998,170.46772098,353.59132385,0.0651975,0.06759832242176572,0.0335,1.000000000001e-06,1.1334284040414044e-06
204,bitfinex,2023-04-29T23:33:22.278Z,25,182.42282587,171.99365269999998,354.41647857,0.0651975,0.0671825966882523,0.0335,1.000000000001e-06,1.1334284040414044e-06
205,bitfinex,2023-04-29T23:33:39.819Z,25,92.73724936,112.59558277000002,205.33283213000004,0.0645945,0.058377080242533734,0.0335,7.000000000007001e-06,7.133428404047405e-06
206,bitfinex,2023-04-29T23:33:56.946Z,25,178.06859892,184.88264397999998,362.9512429,0.06520000000000001,0.06404293364082396,0.0335,5.999999999992123e-06,6.1334284040325275e-06
207,bitfinex,2023-04-29T23:34:13.981Z,25,178.0687372,173.40226454,351.47100174,0.065201,0.06613472682011158,0.0335,4.000000000004e-06,4.133428404044405e-06
208,bitfinex,2023-04-29T23:34:31.069Z,25,137.25120901,182.20679592,319.45800493,0.06520000000000001,0.056072876832577744,0.0335,3.9999999999901226e-06,4.133428404030527e-06
209,bitfinex,2023-04-29T23:34:48.144Z,25,182.40733299,183.24325323,365.65058622,0.065202,0.06511856763308711,0.0335,2.000000000002e-06,2.1334284040424045e-06
210,bitfinex,2023-04-29T23:35:05.470Z,25,182.04624600000002,182.1336292,364.1798752,0.0652105,0.06525569873519765,0.0335,6.999999999993123e-06,7.1334284040335276e-06
211,bitfinex,2023-04-29T23:35:22.794Z,25,179.74189973,174.82579682000002,354.56769655000005,0.06520100000000001,0.06617081267545781,0.0335,5.999999999992123e-06,6.1334284040325275e-06
212,bitfinex,2023-04-29T23:35:39.918Z,25,177.72208064000003,141.07463669,318.79671733000004,0.065198,0.07276711509175658,0.0335,5.999999999992123e-06,6.1334284040325275e-06
213,bitfinex,2023-04-29T23:35:57.302Z,25,132.17097277,177.6791701,309.85014287,0.065195,0.05566673395463894,0.0335,2.000000000002e-06,2.1334284040424045e-06
214,bitfinex,2023-04-29T23:36:14.377Z,25,137.00908971,191.09732588,328.10641559,0.06519849999999999,0.05449534392118511,0.0335,2.9999999999891225e-06,3.1334284040295268e-06
215,bitfinex,2023-04-29T23:36:31.447Z,25,136.50140342,168.12399068000002,304.6253941,0.0651965,0.05847756271789203,0.0335,1.000000000001e-06,1.1334284040414044e-06
216,bitfinex,2023-04-29T23:36:48.989Z,25,92.73724936,112.59558277000002,205.33283213000004,0.0645945,0.058377080242533734,0.0335,7.000000000007001e-06,7.133428404047405e-06
217,bitfinex,2023-04-29T23:37:06.343Z,25,139.31066866,147.16423985,286.47490851,0.06519900000000001,0.0634635397428817,0.0335,1.9999999999881224e-06,2.1334284040285267e-06
218,bitfinex,2023-04-29T23:37:23.436Z,25,139.30525153000002,148.63806945,287.94332098,0.06520000000000001,0.06313832538166914,0.0335,3.9999999999901226e-06,4.133428404030527e-06
219,bitfinex,2023-04-29T23:37:40.761Z,25,138.80124056,144.10206318,282.90330373999996,0.0652025,0.06403052629657574,0.0335,3.0000000000030003e-06,3.1334284040434046e-06
220,bitfinex,2023-04-29T23:37:57.830Z,25,134.47030289,135.82288653999998,270.29318943,0.0652025,0.06492529673945947,0.0335,3.0000000000030003e-06,3.1334284040434046e-06
221,bitfinex,2023-04-29T23:38:15.160Z,25,92.73724936,112.59558277000002,205.33283213000004,0.0645945,0.058377080242533734,0.0335,7.000000000007001e-06,7.133428404047405e-06
222,bitfinex,2023-04-29T23:38:32.243Z,25,92.73724936,112.59558277000002,205.33283213000004,0.0645945,0.058377080242533734,0.0335,7.000000000007001e-06,7.133428404047405e-06
223,bitfinex,2023-04-29T23:38:49.327Z,25,194.35237056,189.55475585000002,383.90712641000005,0.06521099999999999,0.06609869158422649,0.0335,2.0000000000006124e-05,2.013342840404653e-05
224,bitfinex,2023-04-29T23:39:06.473Z,25,92.73724936,112.59558277000002,205.33283213000004,0.0645945,0.058377080242533734,0.0335,7.000000000007001e-06,7.133428404047405e-06
225,bitfinex,2023-04-29T23:39:23.909Z,25,194.38095942,196.21912892,390.60008834,0.0652115,0.06497148980332533,0.0335,1.9000000000005124e-05,1.913342840404553e-05
226,bitfinex,2023-04-29T23:39:41.024Z,25,194.30768842999998,162.98990819,357.29759662,0.0652125,0.07100062759187277,0.0335,1.7000000000003124e-05,1.713342840404353e-05
227,bitfinex,2023-04-29T23:39:58.321Z,25,145.47738646999997,170.02292220000004,315.50030867,0.065214,0.060182819858704446,0.0335,1.4000000000000123e-05,1.4133428404040527e-05
228,bitfinex,2023-04-29T23:40:15.362Z,25,187.14074929,127.32200805999999,314.46275735,0.065214,0.07770025201971599,0.0335,1.4000000000000123e-05,1.4133428404040527e-05
229,bitfinex,2023-04-29T23:40:32.467Z,25,194.20580668999997,211.07726673000002,405.28307342,0.065213,0.06256494171696443,0.0335,1.6000000000002124e-05,1.613342840404253e-05
230,bitfinex,2023-04-29T23:40:49.535Z,25,194.58615659999998,176.59353674000002,371.17969334,0.0652115,0.06844643592082078,0.0335,1.9000000000005124e-05,1.913342840404553e-05
231,bitfinex,2023-04-29T23:41:06.657Z,25,150.06095743999998,169.99505273000003,320.05601017000004,0.0652125,0.06120075413341373,0.0335,1.7000000000003124e-05,1.713342840404353e-05
232,bitfinex,2023-04-29T23:41:24.075Z,25,194.25285752,192.11141555000003,386.36427307,0.0652125,0.06564379809157658,0.0335,1.7000000000003124e-05,1.713342840404353e-05
